Category,Title,Short Description,Sustainability Score,Rank Within Category,Realistic Price,Price,Long Description,Sustainable Title
Reusable Water Bottles,Glass Hydration Bottle,Durable borosilicate glass with bamboo lid,9.5,High,29.99,30,"A sleek and durable hydration bottle made from high-quality borosilicate glass, designed to withstand temperature changes. Features a leak-proof bamboo lid and a protective silicone sleeve for easy grip.",EcoPure Glass Bottle
Reusable Water Bottles,Lightweight Plastic Bottle,Lightweight BPA-free plastic,5,Low,9.99,10,"A lightweight and affordable plastic bottle perfect for everyday use. Made from BPA-free materials, it comes with a secure screw-on lid and an ergonomic design for easy handling.",HydroBasic Plastic Bottle
Reusable Water Bottles,Steel Insulated Flask,Stainless steel bottle with moderate insulation,7,Medium,19.99,20,A high-performance stainless steel flask with double-wall insulation to keep your beverages hot or cold for hours. Features a spill-proof lid and a durable powder-coated exterior.,BalancedSteel Flask
Notebook & Stationery Set,Recycled Paper Notebook,100% recycled paper with plant-based ink,9,High,17.99,18,"A premium notebook crafted with 100% recycled paper and plant-based ink, ensuring an eco-friendly writing experience. The sturdy cardboard cover and wire binding make it both durable and stylish.",EcoSmart Recycled Notebook
Notebook & Stationery Set,Classic Paper Notebook,Standard paper with plastic cover,4.5,Low,5.99,6,A simple yet functional notebook with standard paper and a flexible plastic cover. Ideal for students and professionals who need an affordable and lightweight writing companion.,Basic Paper Notebook
Notebook & Stationery Set,Hybrid Cover Notebook,Recycled paper with synthetic cover,6.8,Medium,11.99,12,A hybrid-design notebook featuring a synthetic cover and partially recycled pages. The smooth paper texture and durable binding make it a reliable choice for daily use.,Hybrid Kraft Notebook
LED Desk Lamp,Solar-Powered Desk Lamp,"Solar-powered, energy-efficient, long lifespan",9.8,High,49.99,50,"A modern LED desk lamp powered by solar energy, designed to maximize energy efficiency. Features adjustable brightness settings, a flexible neck, and a sleek, minimalistic design.",SolarGlow LED Lamp
LED Desk Lamp,Compact LED Desk Lamp,Standard LED with plastic casing,5.5,Low,14.99,15,"A compact and affordable LED desk lamp with a plastic casing. Provides consistent lighting with a simple on/off switch, making it a great addition to any workspace.",Basic LED Desk Lamp
LED Desk Lamp,Energy-Efficient LED Lamp,Energy-efficient LED with moderate sustainability,7.2,Medium,29.99,30,An energy-efficient LED lamp with adjustable brightness levels and a sturdy metal frame. Designed to reduce energy consumption while providing optimal lighting for reading and working.,Mid-Efficiency LED Lamp
Wireless Mouse & Keyboard,Wood-Finish Keyboard & Mouse,"Bamboo-based, rechargeable battery",9.2,High,69.99,70,"A beautifully crafted wireless keyboard and mouse set with a wood-finish design. Features rechargeable batteries, quiet keypress, and ergonomic support for prolonged use.",EcoKey Bamboo Set
Wireless Mouse & Keyboard,Standard Wireless Combo,Plastic design with disposable batteries,4,Low,24.99,25,A standard wireless keyboard and mouse set made from plastic with basic functionality. Runs on disposable batteries and provides a reliable wireless connection for daily tasks.,Plastic Wireless Combo
Wireless Mouse & Keyboard,Rechargeable Wireless Set,Recycled plastic and rechargeable battery,6.8,Medium,44.99,45,"A rechargeable wireless keyboard and mouse combo featuring recycled materials. Offers improved battery life, a sleek design, and responsive keystrokes for a comfortable typing experience.",HybridGreen Keyboard & Mouse
Portable Phone Charger,Sun-Powered Charger,"Solar-powered, biodegradable casing",9.5,High,59.99,60,"A powerful portable charger with solar charging capabilities. Features a rugged design, multiple USB ports, and a long-lasting battery for reliable charging on the go.",SolarCharge Pro
Portable Phone Charger,Basic Portable Charger,"Plastic casing, lithium battery",4,Low,19.99,20,"A basic portable power bank with a plastic casing and a standard lithium battery. Lightweight and easy to carry, it provides enough power for quick emergency charging.",Basic Plastic Power Bank
Portable Phone Charger,Mid-Range Power Bank,"Recycled plastic casing, efficient battery",6.8,Medium,39.99,40,A mid-range power bank with a recycled plastic casing and an efficient lithium-ion battery. Features multiple charging ports and a compact design for everyday use.,GreenCharge 5000
Backpack (Simple Design),Canvas Everyday Backpack,"Organic cotton, recycled zippers",9.3,High,79.99,80,A stylish and durable canvas backpack with reinforced stitching and a spacious main compartment. Made from breathable fabric with adjustable padded straps for extra comfort.,EcoCanvas Backpack
Backpack (Simple Design),Polyester Carry Backpack,"Polyester material, basic straps",4.2,Low,29.99,30,"A classic polyester backpack with a lightweight design and a simple structure. Features multiple compartments and sturdy zippers, ideal for daily commuting and travel.",PolyBasic Backpack
Backpack (Simple Design),Durable Travel Pack,"Partially recycled fabric, durable zippers",6.5,Medium,49.99,50,A durable travel pack with a combination of recycled and synthetic materials. Water-resistant with reinforced stitching and ergonomic straps for added support.,BalancedPack
Coffee Mug / Thermos,Stainless Travel Mug,"Stainless steel, double insulation",9.6,High,34.99,35,A premium stainless steel travel mug with double-wall insulation to keep drinks at the perfect temperature for hours. Features a leak-proof lid and a comfortable grip design.,PureSteel Thermos
Coffee Mug / Thermos,Plastic Coffee Mug,Plastic body with rubber lid,3.8,Low,9.99,10,"A basic plastic coffee mug with a secure rubber lid. Lightweight and budget-friendly, making it a practical choice for those who need an everyday travel mug.",Plastic Travel Mug
Coffee Mug / Thermos,Glass Handle Mug,Tempered glass with cork sleeve,7,Medium,19.99,20,A stylish glass mug with a sturdy handle and a cork sleeve for heat resistance. Ideal for those who prefer a sustainable and elegant coffee-drinking experience.,GlassEco Mug
Bluetooth Speaker,Wood-Finish Bluetooth Speaker,"Recycled wood casing, energy-efficient battery",9.7,High,89.99,90,"A high-quality Bluetooth speaker with a wood-finish casing for superior acoustics. Features long battery life, deep bass, and seamless wireless connectivity.",EcoBeats Speaker
Bluetooth Speaker,Compact Wireless Speaker,"Plastic build, standard battery",4,Low,29.99,30,A compact and affordable wireless speaker with a plastic build. Provides clear audio and Bluetooth connectivity for casual music listening.,Plastic Mini Speaker
Bluetooth Speaker,Rechargeable Sound System,Recycled plastic and efficient battery,7.2,Medium,59.99,60,"A rechargeable Bluetooth speaker with a mix of recycled materials and an efficient battery. Offers enhanced sound quality and a stylish, durable design.",HybridSound Speaker
Stainless Steel Lunchbox,Leak-Proof Lunchbox,"100% stainless steel, leak-proof",9.5,High,39.99,40,A durable and leak-proof lunchbox made from stainless steel. Features a secure locking mechanism and multiple compartments to keep your meals fresh and organized.,GreenLunch Pro
Stainless Steel Lunchbox,Plastic Food Box,Plastic design with dividers,3.5,Low,11.99,12,"A lightweight plastic food container with built-in dividers. Ideal for carrying snacks and lunches while on the go, with a snap-on lid for convenience.",Plastic Bento Box
Stainless Steel Lunchbox,Steel-Lid Food Container,Partially recycled plastic with steel lid,6.5,Medium,24.99,25,"A sturdy food storage box with a steel lid and a partially recycled plastic base. Offers a balance of durability, sustainability, and practicality.",BalancedLunch Box
Yoga Mat,Natural Grip Yoga Mat,"Natural rubber, biodegradable",9.4,High,69.99,70,"A natural rubber yoga mat designed for maximum grip and comfort. Biodegradable and free from harmful chemicals, perfect for all types of yoga practices.",EcoGrip Yoga Mat
Yoga Mat,Foam Yoga Mat,Basic PVC material,3.2,Low,24.99,25,"A basic foam yoga mat with a non-slip surface for added stability. Lightweight and easy to carry, making it a good choice for beginners.",PVC Yoga Mat
Yoga Mat,Hybrid Cushion Mat,"Recycled foam, lightweight",6.7,Medium,44.99,45,A hybrid yoga mat featuring recycled foam and a cushioned surface. Provides excellent support while remaining eco-conscious.,HybridFoam Mat
Noise-Canceling Earplugs,Comfort Silicone Earplugs,Made from biodegradable silicone,9,High,24.99,25,"A set of comfortable silicone earplugs designed for superior noise cancellation. Made from biodegradable materials, they provide a snug fit for long-term use.",GreenSilence Earplugs
Noise-Canceling Earplugs,Standard Foam Earplugs,Single-use foam material,3,Low,4.99,5,"A pair of standard foam earplugs designed for temporary noise reduction. Lightweight and disposable, perfect for travel and short-term use.",Basic Foam Earplugs
Noise-Canceling Earplugs,Reusable Fit Earplugs,Partially recycled silicone,6.8,Medium,14.99,15,A reusable set of earplugs made from partially recycled silicone. Offers a comfortable fit and a higher degree of durability compared to standard foam options.,Reusable Hybrid Earplugs
Multi-Port USB Charger,High-Efficiency USB Hub,"Recycled plastic casing, energy-efficient",9.2,High,49.99,50,"A high-efficiency multi-port USB charger with a sleek, compact design. Features fast-charging technology and is made from recycled plastic components.",EcoCharge Hub
Multi-Port USB Charger,Standard Multi-Port Charger,"Plastic body, regular efficiency",4.5,Low,14.99,15,A standard multi-port USB charger with a plastic body. Provides reliable charging for multiple devices at once.,Standard USB Charger
Multi-Port USB Charger,Smart Charging Hub,"Recycled components, mid-range efficiency",6.9,Medium,29.99,30,A smart charging hub with an energy-efficient build. Designed with recycled materials and advanced power management to optimize device charging.,HybridCharge Station
Sustainable Towel Set,Soft Cotton Towel Set,"100% bamboo fibers, biodegradable",9.8,High,49.99,50,"A luxurious set of soft cotton towels made from premium organic fibers. Ultra-absorbent, gentle on the skin, and designed to last.",EcoSoft Bamboo Towels
Sustainable Towel Set,Blended Fabric Towel Set,Polyester-cotton blend,3.5,Low,19.99,20,A blended fabric towel set that combines polyester and cotton for durability and quick drying. Budget-friendly and suitable for daily use.,Synthetic Blend Towels
Sustainable Towel Set,Organic Weave Towels,Partially organic cotton blend,7.2,Medium,34.99,35,A set of organic weave towels that offer a mix of sustainability and softness. Made from partially organic cotton for an eco-conscious bathing experience.,Organic Cotton Towels
Book Light,LED Clip-On Book Light,Solar-powered with LED,9.5,High,34.99,35,A modern clip-on book light with an LED bulb and solar-powered charging capabilities. Provides warm lighting for a comfortable reading experience.,SolarLite Book Light
Book Light,Basic Book Light,Plastic body with batteries,4,Low,11.99,12,A basic plastic book light with a simple on/off switch. Lightweight and powered by disposable batteries.,Basic Plastic Book Light
Book Light,Rechargeable Book Light,Efficient LED with USB charging,6.9,Medium,24.99,25,A rechargeable LED book light with a flexible neck for adjustable brightness and USB charging compatibility.,Rechargeable LED Book Light
Mini Desk Fan,Metal Body Mini Fan,"Solar-powered, metal body",9.4,High,39.99,40,"A metal-bodied mini desk fan with solar power capabilities. Offers quiet operation and a sleek, modern look for any workspace.",EcoBreeze Mini Fan
Mini Desk Fan,Portable Plastic Fan,"Basic plastic, battery-operated",4,Low,14.99,15,"A portable plastic fan with battery operation. Lightweight and easy to carry, making it ideal for quick cooling.",Plastic Mini Fan
Mini Desk Fan,USB Desk Fan,Recycled plastic with USB charging,6.8,Medium,29.99,30,A USB-powered desk fan with a hybrid design. Features a quiet motor and adjustable speed settings for personalized airflow.,Rechargeable Hybrid Fan
Insulated Grocery Bag,Thermal Shopping Bag,"Recycled fabric, natural insulation",9,High,24.99,25,A thermal shopping bag with high-quality insulation to keep groceries fresh. Made from durable recycled fabric with reinforced stitching.,GreenCool Grocery Bag
Insulated Grocery Bag,Basic Insulated Bag,Basic plastic insulation,3.5,Low,7.99,8,A basic insulated bag with a lightweight plastic structure. Provides moderate temperature retention for short grocery trips.,Plastic Grocery Bag
Insulated Grocery Bag,Reinforced Cooler Tote,Partially recycled fabric,6.5,Medium,14.99,15,A reinforced cooler tote with a mix of synthetic and recycled materials. Designed for durability and optimal insulation.,Hybrid Insulated Tote
Set of Glass Food Storage Containers,Tempered Glass Storage Set,Tempered glass with bamboo lids,9.8,High,59.99,60,"A set of tempered glass food storage containers with bamboo lids. Durable, microwave-safe, and perfect for meal prepping and storing leftovers.",PureGlass Storage Set
Set of Glass Food Storage Containers,Plastic Storage Set,"Standard plastic, snap lids",3.5,Low,17.99,18,A standard plastic storage container set with snap-on lids. Affordable and lightweight for everyday food storage.,Plastic Container Set
Set of Glass Food Storage Containers,Mixed Material Containers,Recycled plastic with glass lid,7,Medium,34.99,35,A hybrid storage set with a mix of recycled plastic and glass components. Offers a good balance of sustainability and convenience.,Hybrid Storage Containers
Wireless Headphones (Budget),Wireless Music Headset,"Recycled material, energy-efficient",9.2,High,79.99,80,A high-quality wireless headset with excellent battery life and a sleek design. Made from partially recycled materials for an eco-conscious audio experience.,EcoTunes Wireless
Wireless Headphones (Budget),Plastic Wireless Headphones,"Plastic body, disposable battery",4,Low,29.99,30,A budget-friendly plastic wireless headphone set with a simple design. Provides decent sound quality and comfortable ear padding.,Plastic Wireless Headphones
Wireless Headphones (Budget),Rechargeable Audio Headphones,"Recycled plastic, rechargeable",6.8,Medium,49.99,50,A rechargeable wireless audio headset with a stylish finish. Made with recycled components and features noise-canceling technology.,HybridGreen Headphones
Adjustable Laptop Stand,Bamboo-Frame Laptop Stand,"Bamboo construction, ergonomic",9.3,High,44.99,45,An adjustable bamboo-frame laptop stand designed for ergonomic support. Lightweight and foldable for easy transport and storage.,BambooFlex Laptop Stand
Adjustable Laptop Stand,Plastic Laptop Stand,Basic plastic build,3.8,Low,14.99,15,A plastic laptop stand with a compact structure. Provides basic elevation for improved posture and airflow.,Plastic Laptop Stand
Adjustable Laptop Stand,Adjustable Workstation Stand,Recycled aluminum frame,6.9,Medium,29.99,30,An adjustable workstation stand with a durable aluminum frame. Features a sleek design and multiple height settings.,HybridStand
Simple White T-Shirt (Organic Cotton),Soft Cotton T-Shirt,"100% organic cotton, fair trade",9.7,High,34.99,35,"A soft cotton t-shirt made from premium organic fibers. Comfortable, breathable, and designed for long-lasting wear.",Organic Comfort Tee
Simple White T-Shirt (Organic Cotton),Standard Cotton Tee,"Regular cotton, conventional dyes",4,Low,11.99,12,A standard cotton tee with a regular fit. Made from conventional cotton and available in multiple sizes.,Basic Cotton Tee
Simple White T-Shirt (Organic Cotton),Blended Fabric T-Shirt,Blended organic and conventional cotton,6.8,Medium,21.99,22,A blended fabric t-shirt that combines organic and conventional cotton for a balance of sustainability and affordability.,Hybrid Cotton Tee